{
    "$schema": "https://raw.githubusercontent.com/DocilElm/Amaterasu/main/ColorScheme.schema.json",
    "Button": {
        "background": {
            "color": [
                187,
                134,
                252,
                200
            ],
            "outlineColor": [
                255,
                255,
                255,
                0
            ],
            "outlineSize": 0,
            "roundness": 3
        },
        "text": {
            "color": [
                255,
                255,
                255,
                255
            ],
            "scale": 1
        },
        "mouseClickAnimation": {
            "color": [
                187,
                134,
                252,
                240
            ],
            "type": "OUT_CUBIC",
            "time": 0.3
        }
    },
    "Button1": {
        "background": {
            "color": [
                0,
                0,
                0,
                0
            ],
            "outlineColor": [
                255,
                255,
                255,
                0
            ],
            "outlineSize": 0,
            "roundness": 5
        },
        "lines": {
            "color": [
                187,
                134,
                252,
                255
            ],
            "roundness": 5
        },
        "text": {
            "color": [
                255,
                255,
                255,
                255
            ],
            "scale": 1,
            "format": "",
            "centered": true,
            "selectedColor": [
                187,
                134,
                252,
                255
            ]
        },
        "mouseClickAnimation": {
            "color": [
                187,
                134,
                252,
                200
            ],
            "type": "OUT_CUBIC",
            "time": 0.3
        },
        "mouseEnterAnimation": {
            "color": [
                187,
                134,
                252,
                160
            ],
            "type": "OUT_CUBIC",
            "time": 0.3
        },
        "mouseLeaveAnimation": {
            "color": [
                0,
                0,
                0,
                0
            ],
            "type": "OUT_CUBIC",
            "time": 0.3
        }
    },
    "TextInput": {
        "background": {
            "color": [
                26,
                26,
                26,
                180
            ],
            "outlineColor": [
                187,
                134,
                252,
                0
            ],
            "outlineSize": 0,
            "roundness": 3
        },
        "text": {
            "color": [
                255,
                255,
                255,
                255
            ],
            "placeholderColor": [
                170,
                170,
                170,
                255
            ],
            "scale": 1,
            "padding": 3
        },
        "mouseEnterAnimation": {
            "color": [
                187,
                134,
                252,
                80
            ],
            "placeholderColor": [
                170,
                170,
                170,
                80
            ],
            "type": "OUT_CUBIC",
            "time": 0.3
        },
        "mouseLeaveAnimation": {
            "color": [
                255,
                255,
                255,
                255
            ],
            "placeholderColor": [
                170,
                170,
                170,
                255
            ],
            "type": "OUT_CUBIC",
            "time": 0.3
        }
    },
    "Checkbox": {
        "background": {
            "enabledColor": [
                187,
                134,
                252,
                200
            ],
            "disabledColor": [
                26,
                26,
                26,
                255
            ],
            "outlineColor": [
                187,
                134,
                252,
                0
            ],
            "outlineSize": 0,
            "roundness": 3
        },
        "check": {
            "enabled": "§l✓",
            "disabled": "",
            "scale": 1
        },
        "mouseClickAnimation": {
            "type": "OUT_CUBIC",
            "time": 0.25
        }
    },
    "Switch": {
        "background": {
            "enabledColor": [
                187,
                134,
                252,
                200
            ],
            "disabledColor": [
                39,
                39,
                39,
                255
            ],
            "outlineColor": [
                187,
                134,
                252,
                0
            ],
            "outlineSize": 0,
            "roundness": 3
        },
        "switchbox": {
            "enabledColor": [
                255,
                255,
                255,
                180
            ],
            "disabledColor": [
                26,
                26,
                26,
                255
            ],
            "outlineColor": [
                255,
                255,
                255,
                0
            ],
            "outlineSize": 0,
            "roundness": 3
        },
        "mouseClickAnimation": {
            "type": "OUT_CUBIC",
            "time": 0.25
        }
    },
    "Slider": {
        "background": {
            "color": [
                0,
                0,
                0,
                0
            ],
            "outlineColor": [
                255,
                255,
                255,
                0
            ],
            "outlineSize": 0,
            "roundness": 3
        },
        "bar": {
            "color": [
                26,
                26,
                26,
                180
            ],
            "outlineColor": [
                255,
                255,
                255,
                0
            ],
            "outlineSize": 0,
            "roundness": 3
        },
        "completionbar": {
            "color": [
                187,
                134,
                252,
                200
            ],
            "outlineColor": [
                255,
                255,
                255,
                0
            ],
            "outlineSize": 0,
            "roundness": 3
        },
        "sliderbox": {
            "color": [
                187,
                134,
                252,
                200
            ],
            "outlineColor": [
                255,
                255,
                255,
                0
            ],
            "outlineSize": 0,
            "roundness": 3
        },
        "text": {
            "color": [
                255,
                255,
                255,
                255
            ],
            "scale": 1
        },
        "mouseEnterAnimation": {
            "color": [
                187,
                134,
                252,
                230
            ],
            "type": "OUT_CUBIC",
            "time": 0.3
        },
        "mouseLeaveAnimation": {
            "color": [
                187,
                134,
                252,
                200
            ],
            "type": "OUT_CUBIC",
            "time": 0.3
        }
    },
    "Selection": {
        "background": {
            "color": [
                26,
                26,
                26,
                180
            ],
            "outlineColor": [
                187,
                134,
                252,
                0
            ],
            "outlineSize": 0,
            "roundness": 3
        },
        "text": {
            "color": [
                255,
                255,
                255,
                255
            ],
            "scale": 1,
            "leftArrow": "<",
            "rightArrow": ">"
        },
        "mouseEnterAnimation": {
            "color": [
                187,
                134,
                252,
                80
            ],
            "type": "OUT_CUBIC",
            "time": 0.3
        },
        "mouseLeaveAnimation": {
            "color": [
                255,
                255,
                255,
                255
            ],
            "type": "OUT_CUBIC",
            "time": 0.3
        }
    },
    "ColorPicker": {
        "background": {
            "color": [
                0,
                0,
                0,
                0
            ],
            "outlineColor": [
                255,
                255,
                255,
                0
            ],
            "outlineSize": 0,
            "roundness": 3
        },
        "text": {
            "color": [
                255,
                255,
                255,
                255
            ],
            "scale": 2,
            "openArrow": "§l↓",
            "closeArrow": "§l↑"
        },
        "colorpickerbackground": {
            "color": [
                26,
                26,
                26,
                180
            ],
            "outlineColor": [
                187,
                134,
                252,
                0
            ],
            "outlineSize": 0,
            "roundness": 3
        },
        "gradientbackground": {
            "color": [
                0,
                0,
                0,
                0
            ],
            "outlineColor": [
                255,
                255,
                255,
                0
            ],
            "outlineSize": 0,
            "roundness": 3
        },
        "gradientpointer": {
            "outlineColor": [
                255,
                255,
                255,
                0
            ],
            "outlineSize": 0
        },
        "huebackground": {
            "color": [
                0,
                0,
                0,
                0
            ],
            "outlineColor": [
                255,
                255,
                255,
                0
            ],
            "outlineSize": 0,
            "roundness": 3
        },
        "huepointer": {
            "outlineColor": [
                255,
                255,
                255,
                0
            ],
            "outlineSize": 0
        },
        "heightAnimationIn": {
            "type": "IN_OUT_CUBIC",
            "time": 0.35
        },
        "heightAnimationOut": {
            "type": "IN_OUT_CUBIC",
            "time": 0.35
        },
        "TextInput": {
            "background": {
                "color": [
                    26,
                    26,
                    26,
                    180
                ],
                "outlineColor": [
                    187,
                    134,
                    252,
                    0
                ],
                "outlineSize": 0,
                "roundness": 3
            },
            "text": {
                "color": [
                    255,
                    255,
                    255,
                    255
                ],
                "placeholderColor": [
                    170,
                    170,
                    170,
                    255
                ],
                "scale": 1,
                "padding": 5
            },
            "mouseEnterAnimation": {
                "color": [
                    187,
                    134,
                    252,
                    80
                ],
                "placeholderColor": [
                    170,
                    170,
                    170,
                    80
                ],
                "type": "OUT_CUBIC",
                "time": 0.3
            },
            "mouseLeaveAnimation": {
                "color": [
                    255,
                    255,
                    255,
                    255
                ],
                "placeholderColor": [
                    170,
                    170,
                    170,
                    255
                ],
                "type": "OUT_CUBIC",
                "time": 0.3
            }
        },
        "Slider": {
            "background": {
                "color": [
                    0,
                    0,
                    0,
                    0
                ],
                "outlineColor": [
                    255,
                    255,
                    255,
                    0
                ],
                "outlineSize": 0,
                "roundness": 3
            },
            "bar": {
                "color": [
                    26,
                    26,
                    26,
                    180
                ],
                "outlineColor": [
                    255,
                    255,
                    255,
                    0
                ],
                "outlineSize": 0,
                "roundness": 3
            },
            "completionbar": {
                "color": [
                    187,
                    134,
                    252,
                    200
                ],
                "outlineColor": [
                    255,
                    255,
                    255,
                    0
                ],
                "outlineSize": 0,
                "roundness": 3
            },
            "sliderbox": {
                "color": [
                    187,
                    134,
                    252,
                    200
                ],
                "outlineColor": [
                    255,
                    255,
                    255,
                    0
                ],
                "outlineSize": 0,
                "roundness": 3
            },
            "text": {
                "color": [
                    255,
                    255,
                    255,
                    255
                ],
                "scale": 1
            },
            "mouseEnterAnimation": {
                "color": [
                    187,
                    134,
                    252,
                    230
                ],
                "type": "OUT_CUBIC",
                "time": 0.3
            },
            "mouseLeaveAnimation": {
                "color": [
                    187,
                    134,
                    252,
                    200
                ],
                "type": "OUT_CUBIC",
                "time": 0.3
            }
        }
    },
    "Text": {
        "text": {
            "color": [
                255,
                255,
                255,
                255
            ],
            "scale": 1
        }
    },
    "Divider": {
        "background": {
            "color": [
                26,
                26,
                26,
                0
            ],
            "outlineColor": [
                255,
                255,
                255,
                0
            ],
            "outlineSize": 0,
            "roundness": 3
        },
        "line": {
            "color": [
                187,
                134,
                252,
                0
            ],
            "outlineColor": [
                255,
                255,
                255,
                0
            ],
            "outlineSize": 0,
            "roundness": 3
        },
        "text": {
            "color": [
                255,
                255,
                255,
                255
            ],
            "scale": 1
        }
    },
    "DropDown": {
        "background": {
            "color": [
                0,
                0,
                0,
                0
            ],
            "outlineColor": [
                255,
                255,
                255,
                0
            ],
            "outlineSize": 0,
            "roundness": 5
        },
        "selectionbackground": {
            "color": [
                26,
                26,
                26,
                180
            ],
            "outlineColor": [
                187,
                134,
                252,
                0
            ],
            "outlineSize": 0,
            "roundness": 5
        },
        "selectiontext": {
            "color": [
                255,
                255,
                255,
                255
            ],
            "scale": 1
        },
        "text": {
            "color": [
                255,
                255,
                255,
                255
            ],
            "scale": 2,
            "openArrow": "§l↓",
            "closeArrow": "§l↑"
        },
        "dropdownbackground": {
            "color": [
                26,
                26,
                26,
                180
            ],
            "outlineColor": [
                187,
                134,
                252,
                0
            ],
            "outlineSize": 0,
            "roundness": 5
        },
        "optionsbackground": {
            "color": [
                26,
                26,
                26,
                180
            ],
            "outlineColor": [
                187,
                134,
                252,
                0
            ],
            "outlineSize": 0,
            "roundness": 5
        },
        "optionstext": {
            "color": [
                255,
                255,
                255,
                255
            ],
            "scale": 1
        },
        "selectedoptionbackground": {
            "color": [
                0,
                0,
                0,
                180
            ],
            "outlineColor": [
                255,
                255,
                255,
                255
            ],
            "outlineSize": 0,
            "roundness": 5
        },
        "selectedoptiontext": {
            "color": [
                255,
                255,
                255,
                255
            ],
            "scale": 1
        }
    },
    "MultiCheckBox": {
        "background": {
            "color": [
                0,
                0,
                0,
                0
            ],
            "outlineColor": [
                255,
                255,
                255,
                0
            ],
            "outlineSize": 0,
            "roundness": 5
        },
        "selectionbackground": {
            "color": [
                26,
                26,
                26,
                180
            ],
            "outlineColor": [
                187,
                134,
                252,
                0
            ],
            "outlineSize": 0,
            "roundness": 5
        },
        "selectiontext": {
            "color": [
                255,
                255,
                255,
                255
            ],
            "scale": 1
        },
        "text": {
            "color": [
                255,
                255,
                255,
                255
            ],
            "scale": 2,
            "openArrow": "§l↓",
            "closeArrow": "§l↑"
        },
        "dropdownbackground": {
            "color": [
                26,
                26,
                26,
                180
            ],
            "outlineColor": [
                187,
                134,
                252,
                0
            ],
            "outlineSize": 0,
            "roundness": 5
        },
        "optionsbackground": {
            "color": [
                26,
                26,
                26,
                180
            ],
            "outlineColor": [
                187,
                134,
                252,
                0
            ],
            "outlineSize": 0,
            "roundness": 5
        },
        "optionstext": {
            "color": [
                255,
                255,
                255,
                255
            ],
            "scale": 1
        },
        "placeholderbackground": {
            "color": [
                26,
                26,
                26,
                180
            ],
            "outlineColor": [
                187,
                134,
                252,
                0
            ],
            "outlineSize": 0,
            "roundness": 5
        },
        "placeholdertext": {
            "color": [
                255,
                255,
                255,
                255
            ],
            "scale": 1
        },
        "Checkbox": {
            "background": {
                "enabledColor": [
                    187,
                    134,
                    252,
                    200
                ],
                "disabledColor": [
                    26,
                    26,
                    26,
                    180
                ],
                "outlineColor": [
                    187,
                    134,
                    252,
                    0
                ],
                "outlineSize": 0,
                "roundness": 3
            },
            "check": {
                "enabled": "§l✓",
                "disabled": ""
            },
            "mouseClickAnimation": {
                "type": "OUT_CUBIC",
                "time": 0.25
            }
        }
    },
    "Keybind": {
        "background": {
            "color": [
                26,
                26,
                26,
                180
            ],
            "outlineColor": [
                187,
                134,
                252,
                0
            ],
            "outlineSize": 0,
            "roundness": 3
        },
        "text": {
            "color": [
                255,
                255,
                255,
                255
            ],
            "scale": 1,
            "enabled": "§l****"
        }
    },
    "Amaterasu": {
        "background": {
            "color": [
                13,
                13,
                13,
                255
            ],
            "outlineColor": [
                187,
                134,
                252,
                0
            ],
            "outlineSize": 0,
            "roundness": 5
        },
        "line": {
            "color": [
                187,
                134,
                252,
                0
            ],
            "size": 0,
            "outlineColor": [
                255,
                255,
                255,
                0
            ],
            "outlineSize": 0,
            "roundness": 5
        },
        "panel": {
            "leftColor": [
                13,
                13,
                13,
                255
            ],
            "rightColor": [
                13,
                13,
                13,
                255
            ]
        },
        "scrollbar": {
            "color": [
                187,
                134,
                252,
                180
            ]
        },
        "title": {
            "color": [
                255,
                255,
                255,
                255
            ],
            "scale": 1
        },
        "descriptionbackground": {
            "color": [
                26,
                26,
                26,
                180
            ],
            "outlineColor": [
                187,
                134,
                252,
                0
            ],
            "outlineSize": 0,
            "roundness": 5
        },
        "Text": {
            "text": {
                "color": [
                    255,
                    255,
                    255,
                    255
                ],
                "scale": 1,
                "scaleType": "pixel"
            }
        }
    },
    "DividerSubcategory": {
        "background": {
            "color": [
                0,
                0,
                0,
                0
            ],
            "outlineColor": [
                0,
                0,
                0,
                0
            ],
            "outlineSize": 0,
            "roundness": 3
        },
        "line": {
            "color": [
                0,
                0,
                0,
                0
            ],
            "size": 0,
            "outlineColor": [
                0,
                0,
                0,
                0
            ],
            "outlineSize": 0,
            "roundness": 3
        },
        "text": {
            "color": [
                255,
                255,
                255,
                255
            ],
            "scale": 1
        }
    }
}