[
    {
        "category": "mINV",
        "settings": [
            {
                "type": 6,
                "name": "mINVMainToggle",
                "value": true
            },
            {
                "type": 6,
                "name": "mINVtime",
                "value": false
            },
            {
                "type": 1,
                "name": "mINVxPos",
                "value": 1
            },
            {
                "type": 1,
                "name": "mINVyPos",
                "value": 1
            },
            {
                "type": 1,
                "name": "mINVScale",
                "value": 1
            },
            {
                "type": 5,
                "name": "minvBG",
                "value": [
                    53,
                    8,
                    66,
                    122
                ]
            },
            {
                "type": 5,
                "name": "mINVSelectedColor",
                "value": [
                    70,
                    206,
                    28,
                    252
                ]
            },
            {
                "type": 5,
                "name": "minvBorder",
                "value": [
                    0,
                    0,
                    0,
                    255
                ]
            }
        ]
    },
    {
        "category": "Dungeons",
        "settings": [
            {
                "type": 6,
                "name": "lfINV",
                "value": true
            }
        ]
    },
    {
        "category": "ChatHover",
        "settings": [
            {
                "type": 6,
                "name": "mvpuChatHoverMain",
                "value": true
            }
        ]
    },
    {
        "category": "GuiChat",
        "settings": [
            {
                "type": 6,
                "name": "guiChatEnabled",
                "value": true
            },
            {
                "type": 1,
                "name": "guiChatOffsetX",
                "value": 10
            },
            {
                "type": 1,
                "name": "guiChatOffsetY",
                "value": 10
            },
            {
                "type": 1,
                "name": "guiChatWidth",
                "value": 300
            },
            {
                "type": 1,
                "name": "guiChatHeight",
                "value": 20
            }
        ]
    },
    {
        "category": "Mods Folder",
        "settings": [
            {
                "type": 2,
                "name": "mvpucopymodsfolderbutton"
            }
        ]
    },
    {
        "category": "Drop Notifications",
        "settings": [
            {
                "type": 6,
                "name": "dropItemNoti",
                "value": false
            }
        ]
    },
    {
        "category": "Misc",
        "settings": [
            {
                "type": 6,
                "name": "packetlossDetector",
                "value": true
            },
            {
                "type": 6,
                "name": "manaAlert",
                "value": true
            }
        ]
    },
    {
        "category": "Discord",
        "settings": [
            {
                "type": 2,
                "name": "fgro9h3r4ogherghoierg"
            }
        ]
    },
    {
        "category": "debug",
        "settings": [
            {
                "type": 6,
                "name": "mvpuDebug",
                "value": false
            }
        ]
    }
]